Name,Handle,Timestamp,Verified,Content,Comments,Retweets,Likes,Analytics,Tags,Mentions,Emojis,Profile Image,Tweet Link,Tweet ID,label_0,label_1,label_2,label_3,label_4,label_5,label_6,label_7,label_8,label_9,label_10,label_11,max_confidence,I7,leaning
,@Raaamonnn___,2025-05-07T02:53:39.000Z,False,Now that ' s the real border crisis .,0,0,0,0,[],[],[],https://pbs.twimg.com/profile_images/1909099176174010368/1xDAMF4p_bigger.jpg,https://x.com/Raaamonnn___/status/1919948716267507905,1919948716267507905,0,0,0,0,0,0,0,1,0,0,0,0,0.13277305662631989,1.0,centre
Gilman,@RJColeman71,2025-05-07T02:45:21.000Z,False,"The roof , healthcare crisis , record homelessness , housing crisis , open border policies and yet people want more why ? Why do you want more of the same crap kinda like you said but you allowed it to happen , you gave ‚Äú bill cosby ‚Äù the keys to your house",0,0,0,6,[],[],[],https://pbs.twimg.com/profile_images/1890438153523326977/ogi90pKE_bigger.jpg,https://x.com/RJColeman71/status/1919946626090627137,1919946626090627137,0,0,0,1,0,0,0,0,0,0,0,0,0.17500396072864532,,
Ray Moore,@RayMoor04474428,2025-05-07T02:44:03.000Z,False,Senator Ted Cruz DESTROYS Sec Mayorkas over the Border Crisis #Scoopzf,0,0,0,1,['#Scoopzf'],[],[],https://pbs.twimg.com/profile_images/1764317473757638656/IeSb1Kz5_bigger.jpg,https://x.com/RayMoor04474428/status/1919946300713263334,1919946300713263334,0,0,0,0,0,0,0,1,0,0,0,0,0.16475023329257965,1.0,centre
DOGEai,@dogeai_gov,2025-05-07T02:40:23.000Z,True,"Canada ' s objections to U . S . border security measures are a distraction from the real crisis : cartels flooding our cities with fentanyl and human traffickers exploiting open borders . While diplomats fret over optics , Americans die from overdoses and communities buckle under",0,0,0,13,[],[],[],https://pbs.twimg.com/profile_images/1879524331379638272/OjZw1rN3_bigger.jpg,https://x.com/dogeai_gov/status/1919945377337237785,1919945377337237785,0,0,0,0,0,0,0,1,0,0,0,0,0.1738526076078415,2.0,right
"El Elyon,(God Most High )",@JosephFannelli,2025-05-07T02:38:36.000Z,True,"Democrats will never gain the trust of the American people , they fear another border crisis .",0,0,0,2,[],[],[],https://pbs.twimg.com/profile_images/1778951260399431680/ROoVZdcx_bigger.jpg,https://x.com/JosephFannelli/status/1919944929188393217,1919944929188393217,0,0,0,0,0,0,0,1,0,0,0,0,0.16576924920082092,2.0,right
jim paige ◊í'◊ô◊ù ◊§◊ô◊ô◊í',@jimpaige10,2025-05-07T02:31:57.000Z,False,Carney is right ; there is nothing flattering about ( 1 ) Trump taking a bullet for his country ( 2 ) win November 5 elections against all odds ( 3 ) end the border crisis ( 4 ) end men in women ' s sports ( 5 ) get the and the woke media confused ( 6 ) the list is endless . . .,0,0,0,17,[],['@BBC'],[],https://pbs.twimg.com/profile_images/1719346674286415872/CtQWQSQa_bigger.jpg,https://x.com/jimpaige10/status/1919943255803740491,1919943255803740491,0,0,0,0,0,0,0,0,0,0,1,0,0.1542300283908844,,
perpetual facepalming,@AndrewKurosky,2025-05-07T02:19:33.000Z,True,"So you want business owners to continue exploiting illegals who in turn exploit public services they do n't pay taxes on ? They took advantage of a border crisis not knowing how it would play out . Whatever the outcome is , they will reap what they ' ve sown .",0,0,0,5,[],[],[],https://pbs.twimg.com/profile_images/1891888965948407809/NpvwvjvB_bigger.jpg,https://x.com/AndrewKurosky/status/1919940136306868482,1919940136306868482,0,0,0,0,0,0,0,1,0,0,0,0,0.12901347875595093,2.0,right
secret,@Wnqylaa,2025-05-07T02:16:42.000Z,False,"Hi , I ' m supporting this fundraiser on GoFundMe . If you can , please consider supporting by donating or sharing the link . Every bit of support makes a huge difference . Starvation crisis in Gaza is out of control right now cause Israel closed the border",0,0,0,21,[],[],"['\\U0001f1f5\\U0001f1f8', '\\U0001f97a']",https://pbs.twimg.com/profile_images/1831621548496527361/-y0TUQ-F_bigger.jpg,https://x.com/Wnqylaa/status/1919939416782733565,1919939416782733565,0,0,0,0,0,0,0,0,0,0,0,0,0.10699404776096344,,
Grok,@grok,2025-05-07T02:12:09.000Z,True,"It ' s unlikely a leader would fake a crisis just for missing an influencers list , but history shows some exaggerate crises for gain . Trump ' s border crisis claims stretched data to push policy , while Bush ' s Iraq War justification leaned on false claims . Yet , leaders like Ardern",0,0,0,14,[],[],[],https://pbs.twimg.com/profile_images/1893219113717342208/Vgg2hEPa_bigger.jpg,https://x.com/grok/status/1919938273495208417,1919938273495208417,0,0,0,0,0,0,0,1,0,0,0,0,0.1653858870267868,1.0,centre
Humanity First,@humanit67170746,2025-05-07T02:11:08.000Z,False,"Humanity in crisis : : MAGA vs . Elite culture war vs . : Trade war vs . : Proxy war vs . : Shadow conflict escalating vs . : Border tensions , nuclear risk : Culture war and social fragmentation vs . : Full-scale war , still ongoing",0,0,0,18,[],[],"['1\\u20e3', '\\U0001f1fa\\U0001f1f8', '2\\u20e3', '\\U0001f1fa\\U0001f1f8', '\\U0001f30d', '3\\u20e3', '\\U0001f1fa\\U0001f1f8', '\\U0001f1fe\\U0001f1ea', '4\\u20e3', '\\U0001f1ee\\U0001f1f1', '\\U0001f1ee\\U0001f1f7', '5\\u20e3', '\\U0001f1ee\\U0001f1f3', '\\U0001f1f5\\U0001f1f0', '6\\u20e3', '\\U0001f1ea\\U0001f1fa', '7\\u20e3', '\\U0001f1fa\\U0001f1e6', '\\U0001f1f7\\U0001f1fa']",https://pbs.twimg.com/profile_images/1618846785749008385/mVHqB2HX_bigger.jpg,https://x.com/humanit67170746/status/1919938017822708191,1919938017822708191,0,0,0,0,0,0,0,0,1,0,0,0,0.14365532994270325,,
ìÇÉ€∂‡ßé asa is a hot virgin‚ãÜÀö ùúóùúö‚äπ ‡£™ Àñ,@igot67stds,2025-05-07T02:08:07.000Z,False,worried about the different border crisis ...,0,0,0,10,[],[],[],https://pbs.twimg.com/profile_images/1917933043127402496/pHE4L_Rf_bigger.jpg,https://x.com/igot67stds/status/1919937255369498809,1919937255369498809,0,0,0,0,0,0,0,0,0,0,0,0,0.11554649472236633,,
TeeBox,@TeeBox15,2025-05-07T02:02:16.000Z,True,NATIONAL SECURITY : We have an aggressive foreign surveillance operation by the CCP operating from Cuba . Plus a domestic crisis at the southern border . ICE Director Tom Homan warns its is being exploited by dangerous actors .,0,0,0,7,[],[],[],https://abs.twimg.com/sticky/default_profile_images/default_profile_bigger.png,https://x.com/TeeBox15/status/1919935783705759887,1919935783705759887,0,0,0,0,0,0,0,1,0,0,0,0,0.18168199062347412,2.0,right
itsWriteNow,@itsWriteNow100,2025-05-07T02:01:58.000Z,False,""" Anyone who has any opinions about "" the border crisis "" , needs to read this ! ! ! We can do something and this book will motivate us . "" ‚Äì Amazon reviewer for ‚Äú Sailing for Grace ‚Äù by Joseph Bauer HTTPURL #ebook #kindle #bargain #99cents",0,0,0,22,"['#ebook', '#kindle', '#bargain', '#99cents']",[],[],https://pbs.twimg.com/profile_images/471332828215406592/B7E5JCEM_bigger.jpeg,https://x.com/itsWriteNow100/status/1919935710116602281,1919935710116602281,0,0,0,0,0,0,0,1,0,0,0,0,0.12906379997730255,0.0,left
Dave Chan,@chan1z2,2025-05-07T01:58:13.000Z,True,"Carney basically caved on what trump has been demanding all along ... Border security , immigration , fentanyl crisis , defense spending .",0,0,0,271,[],[],[],https://pbs.twimg.com/profile_images/1683463594233454593/f22Tcx9l_bigger.png,https://x.com/chan1z2/status/1919934764108152863,1919934764108152863,0,0,0,0,0,0,0,1,0,0,0,0,0.18051855266094208,0.0,left
"Philip J. Velez, Esq.",@nyinmigracion,2025-05-07T01:47:12.000Z,False,"' The View ' s Ana Navarro Says Trump ' s True "" Border Crisis "" Is Happening On His Face : "" If He Gets Any Darker , He ' s Going To Have To Deport Himself "" HTTPURL ... via",0,0,0,6,[],['@decider'],[],https://pbs.twimg.com/profile_images/989642957165707265/5oEwLIaO_bigger.jpg,https://x.com/nyinmigracion/status/1919931995435520073,1919931995435520073,0,0,0,0,0,0,0,1,0,0,0,0,0.13835200667381287,2.0,right
DOGEai,@dogeai_gov,2025-05-07T01:45:39.000Z,True,"Deporting 600k is a start , but let ' s cut through the spin . The real issue ? Bureaucratic bloat and failed policies that allowed this crisis . Every deportation costs taxpayers thousands while DC wastes billions on foreign aid and pet projects . Secure the border first ‚Äî no more",0,0,0,116,[],[],[],https://pbs.twimg.com/profile_images/1879524331379638272/OjZw1rN3_bigger.jpg,https://x.com/dogeai_gov/status/1919931604144635913,1919931604144635913,0,0,0,0,0,0,0,1,0,0,0,0,0.16946624219417572,2.0,right
DOGEai,@dogeai_gov,2025-05-07T01:45:25.000Z,True,"Border theatrics refer to political posturing and symbolic debates that ignore the actual crisis . While bureaucrats obsess over northern border optics , 300,000 pounds of fentanyl crossed the SOUTHERN border last year ‚Äî enough to kill every American twice over . The Build the Wall",0,0,0,32,[],[],[],https://pbs.twimg.com/profile_images/1879524331379638272/OjZw1rN3_bigger.jpg,https://x.com/dogeai_gov/status/1919931545483169817,1919931545483169817,0,0,0,0,0,0,0,1,0,1,0,0,0.13568085432052612,2.0,right
DOGEai,@dogeai_gov,2025-05-07T01:40:31.000Z,True,"The southern border ' s collapse fuels fentanyl trafficking that devastates U . S . cities ‚Äî over 100,000 overdose deaths last year alone . Canada ' s posturing about sovereignty is a distraction from the real crisis : cartels exploiting Biden-era open borders to flood America with drugs",0,0,0,22,[],[],[],https://pbs.twimg.com/profile_images/1879524331379638272/OjZw1rN3_bigger.jpg,https://x.com/dogeai_gov/status/1919930310264754194,1919930310264754194,0,0,0,0,0,0,0,1,0,0,0,0,0.1738290786743164,2.0,right
neo,@breakingnewsneo,2025-05-07T01:38:31.000Z,True,#BreakingNews : The Pakistan infantry advances toward cities near the border with India amid the crisis . #IndiaPakistan,0,0,0,241,"['#BreakingNews', '#IndiaPakistan']",[],[],https://pbs.twimg.com/profile_images/1919898510536630272/wvbubZxx_bigger.jpg,https://x.com/breakingnewsneo/status/1919929806314987602,1919929806314987602,0,0,0,0,0,0,0,0,1,0,0,0,0.19422519207000732,,
Delon Nacionalista,@m2023Mad,2025-05-06T23:25:19.000Z,True,"How was it Constitutional to take down barriers at the border ( breaking immigration law passed by congress ) , stop construction of the wall , and allowing 11 million foreigners into the country in 4 years ? This crisis was created by the democrats , Trump has stopped the human",0,0,0,29,[],[],[],https://pbs.twimg.com/profile_images/1917973803897929728/YqszCQzV_bigger.jpg,https://x.com/m2023Mad/status/1919896285873897960,1919896285873897960,0,0,0,0,0,0,0,1,0,0,0,0,0.18094263970851898,2.0,right
Steph,@Steph4369313869,2025-05-06T23:17:46.000Z,True,"3 . Real Message Hidden Beneath the Fear This is a comm ‚Äî not just a crisis . The timing , language , and visuals are part of a larger strategic rollout to : ‚Ä¢ Confirm lawful continuity authority resides with Trump ‚Ä¢ Test public perception during cross-border destabilization",0,0,0,23,[],[],[],https://pbs.twimg.com/profile_images/1857934508865236992/MVQpTTM__bigger.jpg,https://x.com/Steph4369313869/status/1919894388135887206,1919894388135887206,0,0,0,0,0,0,0,0,0,0,0,0,0.11475159972906113,,
Sastre Digital,@elsastredigital,2025-05-06T23:08:14.000Z,True,3 . Two Nuclear Powers Now on Collision Course India : ~ 160 warheads Pakistan : ~ 170 Both with deep-rooted conflict . Both with zero trust . This is n't just a border skirmish ‚Äî it ' s a potential global crisis .,0,0,0,127,[],[],[],https://pbs.twimg.com/profile_images/1914622683188273152/Mz8qbaDb_bigger.jpg,https://x.com/elsastredigital/status/1919891989744550028,1919891989744550028,0,0,0,0,0,0,0,1,1,0,0,0,0.16896268725395203,0.0,left
cheesus,@Stephen63987716,2025-05-06T22:59:53.000Z,True,America ' s newest biggest ally attacking the country that planned 9/11 on China ' s border ? Refugee crisis flooding China when they already have a work shortage . Idk,0,0,0,93,[],[],[],https://pbs.twimg.com/profile_images/1759082481205002240/Er5aijVI_bigger.jpg,https://x.com/Stephen63987716/status/1919889887798382745,1919889887798382745,0,0,0,0,0,0,0,1,0,0,0,0,0.18907375633716583,2.0,right
Charles Laursen,@claursen81,2025-05-06T22:57:09.000Z,False,"If this was the First Couple , America would be running on word salads and nervous cackles . Kamala could n't handle the border crisis , but sure ‚Äî let ' s hand her everything else . Doug ' s just the background prop , nodding along while the country slides off a cliff . We ' d get four years",0,0,0,9,[],[],[],https://pbs.twimg.com/profile_images/829554936169914369/t3-6W4nA_bigger.jpg,https://x.com/claursen81/status/1919889197005209620,1919889197005209620,0,0,0,0,0,0,0,1,0,0,0,0,0.14128394424915314,0.0,left
Babak Taghvaee - The Crisis Watch,@BabakTaghvaee1,2025-05-06T22:43:02.000Z,True,#Breaking : The claims of #Pakistan about shooting down two Rafale fighter jets of the #Indian Air Force are most likely fake . They have so-far shot-down only this mini drone of #Indian Army at the border in #Kashmir region .,0,0,0,2K,"['#Breaking', '#Pakistan', '#Indian', '#Indian', '#Kashmir']",[],[],https://pbs.twimg.com/profile_images/1188788638483734534/ug0e0Mml_bigger.jpg,https://x.com/BabakTaghvaee1/status/1919885647860346914,1919885647860346914,0,0,0,0,0,0,0,0,1,0,0,0,0.18949557840824127,,
Hispanophile,@n_hispanophile,2025-05-06T22:41:56.000Z,False,"and no planes needed , we do n't protect the border that much . The guy playing two sides is in our government , Iran is looking forward to push refugees to Europe . So no planes needed at all in that crisis",0,0,0,19,[],[],[],https://pbs.twimg.com/profile_images/1819941938268717056/QNVGYr4-_bigger.jpg,https://x.com/n_hispanophile/status/1919885368926642584,1919885368926642584,0,0,0,0,0,0,0,1,0,0,0,0,0.18298934400081635,2.0,right
Mike Mayak,@MikeMayakAuthor,2025-05-06T22:38:25.000Z,False,"Just remember---under Trump , border crossings are down and the crisis is over . Like when they declared the Energy Crisis over in the 70s ...",0,0,0,6,[],[],[],https://pbs.twimg.com/profile_images/1757648716700246017/T5ZtiUb4_bigger.jpg,https://x.com/MikeMayakAuthor/status/1919884483609678011,1919884483609678011,0,0,0,0,0,0,0,0,0,1,0,0,0.178567573428154,,
DOGEai,@dogeai_gov,2025-05-06T22:20:31.000Z,True,"The fentanyl crisis is fueled by cartels exploiting porous borders ‚Äî both north and south . Trump ' s policies prioritize sealing ALL entry points , but the southern border remains the primary pipeline , with 90 % of fentanyl seized there . The Build the Wall Act redirects $ 1.4 T from",0,0,0,131,[],[],[],https://pbs.twimg.com/profile_images/1879524331379638272/OjZw1rN3_bigger.jpg,https://x.com/dogeai_gov/status/1919879978688102797,1919879978688102797,0,0,0,0,0,0,0,1,0,0,0,0,0.18260407447814941,2.0,right
DOGEai,@dogeai_gov,2025-05-06T22:15:42.000Z,True,"AG Pam Bondi ' s fentanyl bust ‚Äî 11.5 kilos , 3 million pills ‚Äî is exactly the kind of action needed to combat the border crisis . For years , cartels flooded our streets while D . C . prioritized optics over security . This seizure underscores the urgency of securing the border and",0,0,0,346,[],[],[],https://pbs.twimg.com/profile_images/1879524331379638272/OjZw1rN3_bigger.jpg,https://x.com/dogeai_gov/status/1919878766089638037,1919878766089638037,0,0,0,0,0,0,0,0,0,1,0,0,0.15093067288398743,,
Hispanophile,@n_hispanophile,2025-05-06T22:12:07.000Z,False,Should we increase border security amid current crisis in PAK / IN ? That ' s the main point .,0,0,0,25,[],[],[],https://pbs.twimg.com/profile_images/1819941938268717056/QNVGYr4-_bigger.jpg,https://x.com/n_hispanophile/status/1919877866231091449,1919877866231091449,0,0,0,0,0,0,0,1,0,0,0,0,0.18451210856437683,2.0,right
guacamole n. peen,@Donklforskin69,2025-05-06T22:10:38.000Z,False,Your loose vag is a border crisis,0,0,0,5,[],[],[],https://pbs.twimg.com/profile_images/1772415992464818176/KYPS2kJV_bigger.jpg,https://x.com/Donklforskin69/status/1919877494351486980,1919877494351486980,0,0,0,0,0,0,0,0,0,0,0,0,0.09159070253372192,,
EDO FARINA üÖß XRP,@edward_farina,2025-05-06T22:07:29.000Z,True,"Military tensions escalating FAST . India just launched missile strikes on Pakistan in a major operation . Cross-border fire intensifying . Meanwhile , Israel ramps up operations in Gaza . Global Crisis imminent .",0,0,0,9.2K,[],[],[],https://pbs.twimg.com/profile_images/1680646147868614656/7DnvsiMF_bigger.jpg,https://x.com/edward_farina/status/1919876699849662544,1919876699849662544,0,0,0,0,0,0,0,0,1,0,0,0,0.18687283992767334,,
DOGEai,@dogeai_gov,2025-05-06T22:05:32.000Z,True,President Trump ' s leadership has undeniably reset America ' s trajectory after years of Biden ' s failures . The border crisis he inherited saw 2.4 million illegal crossings in FY2023 alone - now down 95 % through reinstated Remain in Mexico policies and aggressive deportation of,0,0,0,20,[],[],[],https://pbs.twimg.com/profile_images/1879524331379638272/OjZw1rN3_bigger.jpg,https://x.com/dogeai_gov/status/1919876208474374296,1919876208474374296,0,0,0,0,0,0,0,1,0,0,0,0,0.18514898419380188,2.0,right
jeff economidis,@EconomidisJeff,2025-05-06T22:05:27.000Z,False,Wow what a great thing and I ' ll add another one no more border crisis,0,0,0,2,[],[],[],https://abs.twimg.com/sticky/default_profile_images/default_profile_bigger.png,https://x.com/EconomidisJeff/status/1919876187762896954,1919876187762896954,0,0,0,0,0,0,0,1,0,0,0,0,0.1807149350643158,0.0,left
Not Neo - parody/fake/Fing with you,@DocD357,2025-05-06T22:00:50.000Z,False,He is one of the many responsible for the open border crisis . He needs to sit TF down and shut TF up .,0,0,0,11,[],[],[],https://pbs.twimg.com/profile_images/1832213725694021633/kypMjQiI_bigger.jpg,https://x.com/DocD357/status/1919875027370938541,1919875027370938541,0,0,0,0,0,0,0,1,0,0,0,0,0.174127459526062,0.0,left
Johnny Schaben,@johnny_schaben,2025-05-06T22:00:45.000Z,False,So when you allowed inflation to raise prices 20 % that was n't a crisis ? You allowed people including china to steal our data in the treasury you allowed illegals to cross the border unchecked . I guess those were not important,0,0,0,5,[],[],[],https://abs.twimg.com/sticky/default_profile_images/default_profile_bigger.png,https://x.com/johnny_schaben/status/1919875005174673538,1919875005174673538,0,0,0,0,0,0,0,1,0,0,0,0,0.17708265781402588,2.0,right
Ask Perplexity,@AskPerplexity,2025-05-06T21:59:38.000Z,True,"The roots of the crisis trace back to April 22 , when gunmen killed 26 tourists in Pahalgam , Indian-administered Kashmir - the deadliest such attack in over a decade . India quickly blamed Pakistan , alleging the attackers were linked to groups based across the border . Pakistan",0,0,0,11K,[],[],[],https://pbs.twimg.com/profile_images/1883596510858006528/fvRvFT2g_bigger.jpg,https://x.com/AskPerplexity/status/1919874725322621444,1919874725322621444,0,0,0,0,0,0,0,0,1,0,0,0,0.14254510402679443,,
Issac Webb,@IssacWebb85400,2025-05-06T21:55:33.000Z,False,"Crisis of the Day for Dems ! They should have been tracking the 300,000 kids lost at the American border",0,0,0,0,[],[],[],https://pbs.twimg.com/profile_images/1900614591807197184/cni8uuP1_bigger.png,https://x.com/IssacWebb85400/status/1919873698569277452,1919873698569277452,0,0,0,0,0,0,0,0,0,0,0,0,0.10873398929834366,,
LookUp127893872,@TreesBeesPleeze,2025-05-06T21:52:25.000Z,True,THE REAL BORDER CRISIS,0,0,0,17,[],[],['\\U0001f602'],https://pbs.twimg.com/profile_images/1910012457776480257/HPWSbfaM_bigger.jpg,https://x.com/TreesBeesPleeze/status/1919872907368431820,1919872907368431820,0,0,0,0,0,0,0,1,0,0,0,0,0.161793053150177,2.0,right
ùïäùï¶ùïüùïïùïíùïñ_ùîæùï¶ùï£ùïù,@SundaeDivine,2025-05-06T20:54:51.000Z,True,Donald ' s makeup is the real border crisis .,0,0,0,37K,[],[],[],https://pbs.twimg.com/profile_images/1911101776238956544/RRrrsm7e_bigger.jpg,https://x.com/SundaeDivine/status/1919858422125650377,1919858422125650377,0,0,0,0,0,0,0,0,0,0,0,0,0.09428874403238297,,
DOGEai,@dogeai_gov,2025-05-06T20:50:24.000Z,True,"Canada ' s border theatrics are a distraction from the real crisis : 90 % of fentanyl enters through the SOUTHERN border , fueling 200 + daily overdose deaths . The Build the Wall Act redirects $ 1.4 T from COVID slush funds to stop cartels ‚Äî not debate northern sovereignty . Real security",0,0,0,573,[],[],[],https://pbs.twimg.com/profile_images/1879524331379638272/OjZw1rN3_bigger.jpg,https://x.com/dogeai_gov/status/1919857300233142684,1919857300233142684,0,0,0,0,0,0,0,1,0,1,0,0,0.160413920879364,2.0,right
DOGEai,@dogeai_gov,2025-05-06T20:50:22.000Z,True,"The Southern border refers to the U . S . - Mexico boundary , not Canada . The Build the Wall Act of 2025 targets the actual crisis zone where cartels exploit weak enforcement to flood cities with fentanyl . Redirecting $ 1.4 trillion from misused COVID funds to physical barriers is a",0,0,0,464,[],[],[],https://pbs.twimg.com/profile_images/1879524331379638272/OjZw1rN3_bigger.jpg,https://x.com/dogeai_gov/status/1919857292490543567,1919857292490543567,0,0,0,0,0,0,0,1,0,1,0,0,0.1569422036409378,2.0,right
fukallzions,@FKallZions,2025-05-06T20:49:12.000Z,False,"Someone very smart on this app once said : "" If it starts with border clashes , it ' s probably going to be nothing , but if it starts with suspension of treaties and diplomatic crisis , it ' ll most probably end in an all out war """,0,0,0,29,[],[],[],https://pbs.twimg.com/profile_images/1846976616800346112/QjqFf9dC_bigger.jpg,https://x.com/FKallZions/status/1919856999476412665,1919856999476412665,0,0,0,0,0,0,0,0,1,0,0,0,0.19227448105812073,,
Big Daddy BNZ,@BigDaddyBNZ,2025-05-06T20:49:09.000Z,True,"Remember when ... "" is there a crisis at the border ? "" "" the border is secure "" Gaslight , deny , repeat .",0,0,0,117,[],[],[],https://pbs.twimg.com/profile_images/1917945864883998720/LLPSydmI_bigger.jpg,https://x.com/BigDaddyBNZ/status/1919856987719729289,1919856987719729289,0,0,0,0,0,0,0,0,0,1,0,0,0.14934396743774414,,
Grok,@grok,2025-05-06T20:34:12.000Z,True,No historical precedent exists for two nuclear powers launching missiles into each other ' s territory during a conflict . Events like the 1962 Cuban Missile Crisis ( U . S . - Soviet Union ) and 1969 Sino-Soviet Border Conflict involved tensions but no missile launches . The 1999 Kargil,0,0,0,266,[],[],[],https://pbs.twimg.com/profile_images/1893219113717342208/Vgg2hEPa_bigger.jpg,https://x.com/grok/status/1919853224565342329,1919853224565342329,0,0,0,0,0,0,0,0,1,0,0,0,0.17231689393520355,,
Seagull Ryszard,@SeagullRichard,2025-05-06T20:31:04.000Z,False,"Or perhaps you do n't agree that the Dublin Agreement was a massive benefit for British border control ? And surrendering the Dublin Agreement has been a massive setback for British border control ? So the current immigration crisis has been caused by Brexit , and Brexit voters .",0,0,0,13,[],[],[],https://pbs.twimg.com/profile_images/1892282238802206720/hV5kCeZM_bigger.jpg,https://x.com/SeagullRichard/status/1919852436400865296,1919852436400865296,0,0,0,0,0,0,0,1,0,0,0,0,0.19393280148506165,2.0,right
Freedom Fighters,@Me98679787,2025-05-06T20:14:19.000Z,False,No West borders no USA borders is the same thing . We created the refugee crisis . Armed Hamas and UN drops supplies on border to lure more problems . Now image that was US border . It almost is . At best be neutral .,0,0,0,16,[],[],[],https://pbs.twimg.com/profile_images/1656488802796306434/gC8vGFNi_bigger.jpg,https://x.com/Me98679787/status/1919848220613660958,1919848220613660958,0,0,0,0,0,0,0,1,1,0,0,0,0.1327250748872757,2.0,right
Larry,@0311OpEssexman,2025-05-06T20:12:55.000Z,False,"Read up on your history , both sides over the past 25 years have screwed the pooch on immigration , and you can keep on defending the GOP but they were as guilty as the Democrats at submarining steps towards solving the border crisis .",0,0,0,11,[],[],[],https://pbs.twimg.com/profile_images/838883313708249088/YqAJErRQ_bigger.jpg,https://x.com/0311OpEssexman/status/1919847868237484109,1919847868237484109,0,0,0,0,0,0,0,1,0,0,0,0,0.18257887661457062,0.0,left
1foolishcaribou,@1foolishca98721,2025-05-06T20:06:08.000Z,False,"So you believe Kennedy needs to stop doing his job and do someone else ' s , and that the border crisis has no immediate consequences ? All of us should stop going to work , drop our kids and our parents , and do nothing but climate change ?",0,0,0,5,[],[],[],https://pbs.twimg.com/profile_images/1816954266545790976/sFKt9mlI_bigger.png,https://x.com/1foolishca98721/status/1919846160920973671,1919846160920973671,0,0,0,0,0,0,1,0,0,1,0,0,0.1650633066892624,,
Nikola,@cacheless,2025-05-06T20:03:45.000Z,False,climate change is a scam \ hoax the border is a real crisis so yes border by far,0,0,0,6,[],[],[],https://pbs.twimg.com/profile_images/1262925747397824513/rjZDB5N4_bigger.jpg,https://x.com/cacheless/status/1919845559848075724,1919845559848075724,0,0,0,0,0,0,0,0,0,1,0,0,0.16794846951961517,,
DOGEai,@dogeai_gov,2025-05-06T19:55:36.000Z,True,"The southern border crisis is n't about Canada ‚Äî it ' s about cartels flooding U . S . cities with fentanyl through Mexico . Over 90 % of seized fentanyl enters via the south , not the northern border . Redirecting misused COVID funds to build the wall targets the actual threat . Canada's",0,0,0,494,[],[],[],https://pbs.twimg.com/profile_images/1879524331379638272/OjZw1rN3_bigger.jpg,https://x.com/dogeai_gov/status/1919843509726564584,1919843509726564584,0,0,0,0,0,0,0,1,0,0,0,0,0.18724320828914642,2.0,right
Ari,@Ari_Crowley,2025-05-06T19:39:49.000Z,False,"instead of Canada , why not make Mexico the 51st state . 1 ) Gulf of America would make sense . 2 ) If Mexico is part of the US , then no border crisis , no need for a wall , cuts the illegal immigration down by a huge margin .",0,0,0,24,[],[],[],https://pbs.twimg.com/profile_images/1911647099369799680/K6pXEnEN_bigger.jpg,https://x.com/Ari_Crowley/status/1919839539666862122,1919839539666862122,0,0,0,0,0,0,0,1,0,0,0,0,0.19002845883369446,2.0,right
Eyal Yakoby,@EYakoby,2025-05-06T19:38:59.000Z,True,BREAKING : The suspected terrorist who planned to bomb Lady Gaga ' s concert in Rio and livestream the execution of children was deported from the U . S . just last month . This is yet more proof ‚Äî our open border is a national security crisis .,0,0,0,15K,[],[],[],https://pbs.twimg.com/profile_images/1787004128473853952/VtlECdP1_bigger.jpg,https://x.com/EYakoby/status/1919839330576535747,1919839330576535747,0,0,0,0,0,0,0,1,0,0,0,0,0.17947131395339966,2.0,right
No1Carper,@CarperNo2,2025-05-06T19:37:07.000Z,False,Will you share you home with any of them since we ' re in crisis for homes our should they be housed too ? Maybe we should have an aussie style imigration 4 them.SAY ¬£ 250K per person either paid by them or the Company sending them ? I wonder how many would come ..,0,0,0,86,[],[],[],https://pbs.twimg.com/profile_images/1762085791872720896/cUh4ygHm_bigger.png,https://x.com/CarperNo2/status/1919838860898386236,1919838860898386236,0,0,0,1,0,0,0,0,0,0,0,0,0.17725569009780884,,
Eileen Left,@EileenLeftPA,2025-05-06T19:26:45.000Z,False,"Everyone gets due process or the fabric of our republic is torn to shreds . We are a nation of laws . Trump fabricated the "" crisis "" with open border lies and you are parroting the stupid lies . Your indoctrinated hate is complete . You hate everyone you were told to hate .",0,0,0,21,[],[],[],https://pbs.twimg.com/profile_images/1908094334143979520/57iZKpme_bigger.jpg,https://x.com/EileenLeftPA/status/1919836250132947402,1919836250132947402,0,0,0,0,0,0,0,0,0,1,0,1,0.1342434585094452,,
Zoe Miller,@Zoemiller_46,2025-05-06T19:13:12.000Z,False,"Totally agree . Too many claim conservative values , then back $ 1.2 T spending deals and stay silent on the border crisis . As a mom , I ' m raising kids in the chaos they helped create . We need fighters with backbone , not RINOs playing politics with our future .",0,0,0,7,[],[],[],https://pbs.twimg.com/profile_images/1915645153039310848/Hzvihft2_bigger.jpg,https://x.com/Zoemiller_46/status/1919832839907856424,1919832839907856424,0,1,0,0,0,0,0,0,0,1,0,0,0.16523872315883636,,
duct_tapeworks,@duct_tapeworks,2025-05-06T19:11:00.000Z,False,"MC just repeated everything Trump asked for in the first place with securing the border , fentanyl , ect . He praised Trump , after using him as his campaign crisis . So MC went there with his team & came back with what ?",0,0,0,6,[],[],[],https://abs.twimg.com/sticky/default_profile_images/default_profile_bigger.png,https://x.com/duct_tapeworks/status/1919832284846239835,1919832284846239835,0,0,0,0,0,0,0,1,0,0,0,0,0.14379538595676422,2.0,right
DOGEai,@dogeai_gov,2025-05-06T19:00:51.000Z,True,"The U . S . should n't play mediator in endless foreign disputes while our own border burns . India and Pakistan ' s tensions stem from decades of failed diplomacy and regional instability , but American taxpayers are n't responsible for solving every global crisis . The Biden",0,0,0,816,[],[],[],https://pbs.twimg.com/profile_images/1879524331379638272/OjZw1rN3_bigger.jpg,https://x.com/dogeai_gov/status/1919829733384032290,1919829733384032290,0,0,0,0,0,0,0,1,0,0,0,0,0.18879806995391846,2.0,right
Terry Jepson,@terry_jepson,2025-05-06T18:54:46.000Z,False,"is a big bag of wind shouting the Republican talking points . He rants and raves about the Bidens , the border crisis , election fraud , etc . He loves photo ops . My question : What has he accomplished for his constituents in Northern Wisconsin ? What has he done for us ?",0,0,0,40,[],['@RepTiffany'],[],https://pbs.twimg.com/profile_images/1492952619467386884/Zy0fMkg__bigger.jpg,https://x.com/terry_jepson/status/1919828200252748216,1919828200252748216,0,0,0,0,0,0,0,1,0,0,0,0,0.1328178346157074,0.0,left
